id_casa,email_info
707,rrpnckctqj@hotmail.com
952,wkpnjrrk@yahoo.com.br
503,uuksmwtrp@icloud.com
658,tdohsjlt@yahoo.com.br
770,yyabbpcam@icloud.com
258,ntclqoppwpj@gmail.com
323,autvogpoj@icloud.com
562,fuf@yahoo.com.br
782,pg@hotmail.com
1029,cyjno@yahoo.com.br
60,tcn@icloud.com
1317,kqbsujgtlb@yahoo.com.br
954,htmduzify@gmail.com
553,qlgfsbutmv@icloud.com
928,stbqybewmsv@hotmail.com
1310,iaodw@yahoo.com.br
384,vrtjsce@icloud.com
693,wyg@yahoo.com.br
298,gdgbmgdgwjv@icloud.com
599,ehhipveeppjc@yahoo.com.br
516,sgamiimfh@icloud.com
757,pvhae@hotmail.com
162,ooux@icloud.com
599,ehhipveeppjc@yahoo.com.br
1063,rpxx@yahoo.com.br
1099,zarn@gmail.com
1200,uqlgx@icloud.com
484,uxdinfzz@yahoo.com.br
527,ulafxqqi@gmail.com
768,gxcozefy@gmail.com
171,bum@yahoo.com.br
488,edxzwnz@hotmail.com
393,czquh@icloud.com
588,cckpgzzuxweo@yahoo.com.br
1020,lnzenhx@gmail.com
767,gvdgfpflxim@icloud.com
13,ohkz@yahoo.com.br
1334,ecgptkmq@icloud.com
249,efsyzm@hotmail.com
2,rlskriykwzw@hotmail.com
21,stipmc@gmail.com
1249,icqvoo@yahoo.com.br
1323,vfja@hotmail.com
130,oddqsfaqaw@gmail.com
1027,fxmhnwfwka@yahoo.com.br
352,nknjgg@icloud.com
1378,jjjx@hotmail.com
399,rak@yahoo.com.br
1045,hnrloxffpspi@yahoo.com.br
118,pwztxesak@gmail.com
1078,ijmhypx@icloud.com
1414,jjzibva@yahoo.com.br
1423,orxxje@icloud.com
514,otaunyiedqht@gmail.com
1402,hkeilbpdwxdq@yahoo.com.br
1305,rijw@icloud.com
118,pwztxesak@gmail.com
610,di@hotmail.com
1077,oykpmpyqmn@yahoo.com.br
524,mdmtpfz@gmail.com
955,yhlfu@hotmail.com
540,wdqmqdqxrg@hotmail.com
606,tuhk@icloud.com
662,wqisimlz@gmail.com
1328,johjiiqyl@hotmail.com
1057,qbpevf@hotmail.com
987,ceu@icloud.com
416,fpjctu@yahoo.com.br
193,cktb@yahoo.com.br
1030,gsfijumzvb@yahoo.com.br
473,cofqiemuxhie@icloud.com
1374,jsmxecwtkj@hotmail.com
45,og@icloud.com
1318,osqbbnqxrng@icloud.com
1242,nbkvhq@gmail.com
313,mj@icloud.com
855,wjtjtgco@icloud.com
19,knelh@hotmail.com
1375,chwry@icloud.com
567,nthfdrnz@gmail.com
1369,lrdqy@hotmail.com
483,mreq@icloud.com
106,xvbqhfte@gmail.com
1396,fwrq@hotmail.com
1369,lrdqy@hotmail.com
700,bd@gmail.com
18,brfxiydh@icloud.com
1370,tdgjvosze@hotmail.com
882,bnnldgwpq@yahoo.com.br
1016,bbpugqev@yahoo.com.br
1263,rbjzkgjh@gmail.com
656,awyeatdbnyzr@gmail.com
1307,xv@gmail.com
5,jjoep@hotmail.com
1400,yta@yahoo.com.br
783,ri@hotmail.com
789,srteswqazvbf@gmail.com
399,rak@yahoo.com.br
270,meuayg@icloud.com
200,og@gmail.com
565,davbpudu@hotmail.com
663,gxuhxcz@gmail.com
222,rrliheoaj@gmail.com
513,eeitutyq@gmail.com
1113,hozmvyovuwv@hotmail.com
467,qsvuzusvo@yahoo.com.br
117,pxttwwvlgn@gmail.com
951,gxyjznmyiuft@icloud.com
636,uyi@icloud.com
1080,gvtumhcev@icloud.com
711,gjziwnpvrwk@icloud.com
1366,taicglzr@icloud.com
596,jyxna@gmail.com
106,xvbqhfte@gmail.com
763,dhmcmydpd@yahoo.com.br
757,pvhae@hotmail.com
522,vh@gmail.com
473,cofqiemuxhie@icloud.com
1274,twxvczfreclk@hotmail.com
392,bzoakjs@gmail.com
574,rz@yahoo.com.br
1120,nr@gmail.com
884,efymsi@gmail.com
1005,vpczt@icloud.com
924,qdtb@gmail.com
112,gd@hotmail.com
538,bqzposo@yahoo.com.br
545,qmt@hotmail.com
1275,pb@yahoo.com.br
782,pg@hotmail.com
89,um@yahoo.com.br
827,xpzkc@icloud.com
1396,fwrq@hotmail.com
589,iec@icloud.com
1036,tyiwk@gmail.com
1308,yagln@hotmail.com
423,ptiux@icloud.com
1296,hlnmtyskew@hotmail.com
802,ohamhr@hotmail.com
1005,vpczt@icloud.com
534,tpiuzarlo@yahoo.com.br
914,xvqynjrb@gmail.com
1158,xhbscetf@yahoo.com.br
73,xgmrqpep@gmail.com
57,eqhijnd@yahoo.com.br
758,qgwqfvkkbr@hotmail.com
819,imyh@gmail.com
115,qsjpfdfqnb@hotmail.com
1280,nswzqs@yahoo.com.br
186,iqhbtp@hotmail.com
40,xnbpxphi@hotmail.com
306,qxrjqjzk@hotmail.com
856,aneazycqqkf@hotmail.com
115,qsjpfdfqnb@hotmail.com
1008,asvrkxs@icloud.com
574,rz@yahoo.com.br
331,nwzunhiyswdd@gmail.com
21,stipmc@gmail.com
400,fwqntmhv@hotmail.com
816,tu@hotmail.com
44,fxcu@gmail.com
15,dmfez@gmail.com
528,mcetpvwky@gmail.com
1405,nucwtpttay@icloud.com
453,ktungneyty@yahoo.com.br
451,muplye@gmail.com
733,ibicvfswmyv@hotmail.com
1156,wxjr@yahoo.com.br
245,ohnkaaun@yahoo.com.br
677,pjjdm@icloud.com
1379,gy@icloud.com
1082,ne@gmail.com
435,fviebe@icloud.com
287,yaki@icloud.com
708,zgxochcsg@gmail.com
897,gbwynqjdqiy@yahoo.com.br
918,jdklydubd@gmail.com
869,hioemhgogpp@gmail.com
976,mjtdwuwt@gmail.com
1277,gvffhkutdfhc@gmail.com
172,wb@gmail.com
70,dweqqitpvui@icloud.com
458,oxlh@icloud.com
853,tltsukp@gmail.com
891,olwgbro@yahoo.com.br
807,la@gmail.com
516,sgamiimfh@icloud.com
889,hgccxakyj@hotmail.com
1015,pbnp@icloud.com
62,inyk@gmail.com
472,jdwukgiwvoqu@icloud.com
89,um@yahoo.com.br
842,xnlokjz@gmail.com
247,tzafqktieqv@icloud.com
722,snyoybinh@hotmail.com
558,hlo@icloud.com
455,jbufohha@gmail.com
566,ffdueawprt@yahoo.com.br
158,iitmkp@icloud.com
457,zuxjescvwdg@hotmail.com
1020,lnzenhx@gmail.com
1356,haah@yahoo.com.br
646,ghyfctgas@gmail.com
794,wfcdetm@hotmail.com
831,vrfyr@yahoo.com.br
738,rwed@gmail.com
311,ykshl@gmail.com
712,wcuchcxwtt@gmail.com
610,di@hotmail.com
422,dgmpby@hotmail.com
729,qafcecq@hotmail.com
688,oa@yahoo.com.br
905,hzrj@hotmail.com
952,wkpnjrrk@yahoo.com.br
1245,lum@icloud.com
1326,siitah@hotmail.com
905,hzrj@hotmail.com
548,sd@hotmail.com
1089,maebz@gmail.com
248,dwstzlpfzjki@yahoo.com.br
472,jdwukgiwvoqu@icloud.com
465,smbqkzbac@hotmail.com
330,kiwvy@gmail.com
746,irvdchppsa@yahoo.com.br
1378,jjjx@hotmail.com
924,qdtb@gmail.com
644,uhzjahgecfbw@icloud.com
1162,teysuoh@gmail.com
687,lhsb@hotmail.com
17,dmmrkloiium@hotmail.com
1089,maebz@gmail.com
52,quad@gmail.com
777,afjeeq@icloud.com
141,cccl@gmail.com
737,pyqaxbkswep@yahoo.com.br
1434,fatjbrmg@gmail.com
1134,loxhiopdd@yahoo.com.br
827,xpzkc@icloud.com
131,azs@yahoo.com.br
522,vh@gmail.com
156,csiskzprxjff@yahoo.com.br
335,qd@gmail.com
508,uaepzi@hotmail.com
693,wyg@yahoo.com.br
423,ptiux@icloud.com
130,oddqsfaqaw@gmail.com
373,tuwddeuqglh@hotmail.com
641,telziwcpd@gmail.com
1086,auhlzyurc@icloud.com
1369,lrdqy@hotmail.com
663,gxuhxcz@gmail.com
159,vdyyrebp@hotmail.com
854,qbvpjfuiyh@gmail.com
954,htmduzify@gmail.com
739,lqmhswzkac@gmail.com
980,xiduwb@gmail.com
8,mztupte@yahoo.com.br
1440,whg@gmail.com
1226,sirrs@yahoo.com.br
236,gpgz@hotmail.com
1131,yfzpteeo@icloud.com
486,vkggm@icloud.com
1219,racyximbwfe@icloud.com
877,ynmfyhmrp@hotmail.com
711,gjziwnpvrwk@icloud.com
210,dk@gmail.com
441,sc@hotmail.com
635,ulu@hotmail.com
687,lhsb@hotmail.com
10,hdwsmqted@gmail.com
42,ouefiyyzwlj@yahoo.com.br
1427,gp@gmail.com
1165,ymd@hotmail.com
1260,fufq@gmail.com
379,uzywo@hotmail.com
316,up@yahoo.com.br
867,quxmlksm@gmail.com
158,iitmkp@icloud.com
1364,zgtuwizvip@icloud.com
1311,ckgamj@gmail.com
1344,nxpknbq@yahoo.com.br
272,hod@yahoo.com.br
1047,cfeenrapf@icloud.com
1264,djdtvqtjptme@icloud.com
1249,icqvoo@yahoo.com.br
96,mqqybjtc@gmail.com
854,qbvpjfuiyh@gmail.com
678,ko@gmail.com
491,ptuutmdtu@hotmail.com
1152,uuw@hotmail.com
1367,qhigrke@hotmail.com
711,gjziwnpvrwk@icloud.com
365,toqucio@icloud.com
1409,nxktcps@yahoo.com.br
895,aakiuaqbbi@yahoo.com.br
31,vswo@icloud.com
1004,ysypdg@yahoo.com.br
335,qd@gmail.com
114,wga@gmail.com
1015,pbnp@icloud.com
409,dlvlwj@icloud.com
1222,obdiojc@hotmail.com
1438,ifhxemjr@icloud.com
209,vqcx@yahoo.com.br
1433,pbhwly@gmail.com
966,fy@hotmail.com
6,rcw@icloud.com
620,ijbei@yahoo.com.br
58,wr@icloud.com
1115,akbtyydwejg@icloud.com
934,euyegywow@hotmail.com
1453,iewslq@yahoo.com.br
616,odqbsiovd@hotmail.com
835,gffpdp@icloud.com
18,brfxiydh@icloud.com
291,vtkcpnukhfa@yahoo.com.br
1241,lakes@gmail.com
717,hdb@yahoo.com.br
143,mtsrn@hotmail.com
963,ejlduyy@yahoo.com.br
619,oqbbwfxufwn@icloud.com
634,dnqpnwbkit@hotmail.com
793,gw@gmail.com
713,javhecfgq@yahoo.com.br
1414,jjzibva@yahoo.com.br
521,hy@hotmail.com
672,bjm@yahoo.com.br
1191,uxavvb@icloud.com
11,tpuuqihbyctu@hotmail.com
415,vnja@hotmail.com
49,xxpixyavo@gmail.com
864,mhmnwouyimhx@yahoo.com.br
472,jdwukgiwvoqu@icloud.com
947,xddmgkd@icloud.com
1301,ifawyofbkt@yahoo.com.br
1309,bwl@hotmail.com
946,ktd@hotmail.com
110,slqt@gmail.com
1367,qhigrke@hotmail.com
16,mgwqrh@gmail.com
820,kltunlaydnxb@hotmail.com
1300,scwo@gmail.com
1216,henm@yahoo.com.br
1067,gfcnqorrkepn@yahoo.com.br
1273,glsg@hotmail.com
645,eoxqtcfhlyc@hotmail.com
273,vb@hotmail.com
895,aakiuaqbbi@yahoo.com.br
1274,twxvczfreclk@hotmail.com
399,rak@yahoo.com.br
1131,yfzpteeo@icloud.com
112,gd@hotmail.com
355,teq@icloud.com
460,laoxyqig@hotmail.com
677,pjjdm@icloud.com
189,dcnyzztznpbk@yahoo.com.br
885,ar@hotmail.com
420,ipejbwhiwppx@hotmail.com
311,ykshl@gmail.com
1000,tm@gmail.com
1042,hclalw@gmail.com
1324,gptkobnbihed@yahoo.com.br
1030,gsfijumzvb@yahoo.com.br
11,tpuuqihbyctu@hotmail.com
1321,sywxznzn@gmail.com
1057,qbpevf@hotmail.com
176,jyegyu@yahoo.com.br
255,sxaqy@hotmail.com
505,kgvdkzuwz@gmail.com
411,hzbdtmeuoy@hotmail.com
282,tljoruxhh@icloud.com
1085,cpes@hotmail.com
201,dqnvmg@yahoo.com.br
1103,difiyep@icloud.com
527,ulafxqqi@gmail.com
245,ohnkaaun@yahoo.com.br
1173,iisyjbzwfd@hotmail.com
967,ckr@hotmail.com
88,lhpisxolzoxw@yahoo.com.br
368,gywsgwgarqp@icloud.com
420,ipejbwhiwppx@hotmail.com
1234,ihahjc@yahoo.com.br
1307,xv@gmail.com
102,bpqmfkxdtdv@yahoo.com.br
716,cqgvx@hotmail.com
206,uummqxdmlfgu@yahoo.com.br
747,fkhidcxmbutx@gmail.com
240,pa@yahoo.com.br
332,ajnsmgf@hotmail.com
842,xnlokjz@gmail.com
502,th@hotmail.com
549,iyeo@gmail.com
1359,kfvv@gmail.com
859,ccsoxjlx@gmail.com
958,fum@icloud.com
1372,ygco@yahoo.com.br
1053,tjuzqtppdgmy@hotmail.com
713,javhecfgq@yahoo.com.br
964,zupbgglmouin@gmail.com
52,quad@gmail.com
134,pdp@hotmail.com
338,ttljoavmntgt@icloud.com
60,tcn@icloud.com
1187,ckplcd@hotmail.com
54,lbwyntgktt@gmail.com
1092,aqdsp@gmail.com
965,hgon@icloud.com
1402,hkeilbpdwxdq@yahoo.com.br
1245,lum@icloud.com
241,snjd@yahoo.com.br
352,nknjgg@icloud.com
330,kiwvy@gmail.com
979,ftusccalfxir@hotmail.com
392,bzoakjs@gmail.com
1056,lodgb@icloud.com
485,uzo@icloud.com
840,wkxkvyenec@yahoo.com.br
1373,pnu@hotmail.com
273,vb@hotmail.com
246,vglembhe@gmail.com
1196,suinwirotwe@yahoo.com.br
159,vdyyrebp@hotmail.com
594,fkmv@yahoo.com.br
689,en@hotmail.com
160,flmbktthmy@hotmail.com
313,mj@icloud.com
950,vpluvbvwob@yahoo.com.br
1144,scps@icloud.com
232,nremwybvlyw@gmail.com
1216,henm@yahoo.com.br
738,rwed@gmail.com
1318,osqbbnqxrng@icloud.com
481,rqvfgelu@yahoo.com.br
980,xiduwb@gmail.com
950,vpluvbvwob@yahoo.com.br
134,pdp@hotmail.com
790,doctidhwsxb@yahoo.com.br
987,ceu@icloud.com
344,hvwxjuleecky@hotmail.com
996,svdwv@icloud.com
1238,qz@hotmail.com
438,ogs@icloud.com
1080,gvtumhcev@icloud.com
379,uzywo@hotmail.com
928,stbqybewmsv@hotmail.com
458,oxlh@icloud.com
846,wvdr@yahoo.com.br
1292,lte@yahoo.com.br
966,fy@hotmail.com
972,umecl@hotmail.com
1171,rxrrdwipn@gmail.com
470,djyg@gmail.com
1154,ufsge@hotmail.com
788,ddkrgltsjl@gmail.com
587,qrxhhtn@hotmail.com
1210,cjfqrjwss@yahoo.com.br
968,gcqmnp@icloud.com
995,qg@icloud.com
1352,qigmtn@hotmail.com
1404,vmtzfffuwe@icloud.com
438,ogs@icloud.com
1270,lhilsw@gmail.com
578,kooxrjbctm@yahoo.com.br
97,ocboekt@gmail.com
1140,fupxgxzkblvq@yahoo.com.br
1417,emkkm@icloud.com
18,brfxiydh@icloud.com
1274,twxvczfreclk@hotmail.com
433,ijxwl@icloud.com
1048,dobac@yahoo.com.br
1328,johjiiqyl@hotmail.com
1347,dazyymg@yahoo.com.br
92,xvkn@gmail.com
1186,jswk@yahoo.com.br
1103,difiyep@icloud.com
492,bkssbis@yahoo.com.br
6,rcw@icloud.com
154,wixryt@gmail.com
274,smfna@yahoo.com.br
952,wkpnjrrk@yahoo.com.br
1218,ojj@icloud.com
832,ahcsfkzbyi@hotmail.com
721,lbdupjwiv@icloud.com
770,yyabbpcam@icloud.com
363,mj@hotmail.com
1296,hlnmtyskew@hotmail.com
137,irvkmlkwrdhh@hotmail.com
249,efsyzm@hotmail.com
920,rkfmyhvwxt@yahoo.com.br
722,snyoybinh@hotmail.com
850,eswmunt@icloud.com
467,qsvuzusvo@yahoo.com.br
1134,loxhiopdd@yahoo.com.br
1336,shnxubp@hotmail.com
764,sd@gmail.com
209,vqcx@yahoo.com.br
485,uzo@icloud.com
1224,dtous@gmail.com
1051,apvuyxz@yahoo.com.br
408,rzgjss@yahoo.com.br
821,gtox@hotmail.com
1057,qbpevf@hotmail.com
702,ivdcq@yahoo.com.br
810,hqlyeeuhtazo@gmail.com
756,lpzz@icloud.com
156,csiskzprxjff@yahoo.com.br
173,zqvqb@yahoo.com.br
286,pwhmr@yahoo.com.br
176,jyegyu@yahoo.com.br
1406,senelhksyfo@icloud.com
1301,ifawyofbkt@yahoo.com.br
447,nuwzgesrvw@hotmail.com
772,ytnxwhj@gmail.com
801,vdetspdfpnek@icloud.com
767,gvdgfpflxim@icloud.com
1146,gqwllr@hotmail.com
131,azs@yahoo.com.br
400,fwqntmhv@hotmail.com
1277,gvffhkutdfhc@gmail.com
1430,xnvjj@yahoo.com.br
1238,qz@hotmail.com
294,wmmzanfvix@yahoo.com.br
578,kooxrjbctm@yahoo.com.br
239,ikli@yahoo.com.br
830,aeqrmhoywg@hotmail.com
1138,iknph@icloud.com
869,hioemhgogpp@gmail.com
1067,gfcnqorrkepn@yahoo.com.br
1250,ygyksd@icloud.com
991,segw@yahoo.com.br
958,fum@icloud.com
1307,xv@gmail.com
638,fuynqstvfbi@yahoo.com.br
672,bjm@yahoo.com.br
250,hrunaglwiw@gmail.com
1063,rpxx@yahoo.com.br
319,uwyhb@gmail.com
1411,hvmr@icloud.com
282,tljoruxhh@icloud.com
284,rmtw@gmail.com
1038,sziajcpswesg@hotmail.com
1222,obdiojc@hotmail.com
79,swv@gmail.com
231,qxdstpbgu@hotmail.com
584,dmwunerbp@hotmail.com
492,bkssbis@yahoo.com.br
887,onnodvcs@gmail.com
1032,ygfujozrm@gmail.com
309,kk@gmail.com
747,fkhidcxmbutx@gmail.com
717,hdb@yahoo.com.br
356,qizu@icloud.com
527,ulafxqqi@gmail.com
531,mklhfm@hotmail.com
975,jichzrhzwblk@hotmail.com
1119,kftvwzjday@gmail.com
1153,rdhjezuou@hotmail.com
278,osisu@gmail.com
1217,lgxxxzbfmrj@icloud.com
783,ri@hotmail.com
1274,twxvczfreclk@hotmail.com
304,qrhthvbat@hotmail.com
771,fvevmwrly@yahoo.com.br
811,qjpqxqvcgjvp@yahoo.com.br
323,autvogpoj@icloud.com
1317,kqbsujgtlb@yahoo.com.br
1337,dfqosasffck@gmail.com
542,iazsoupdggex@hotmail.com
896,qc@yahoo.com.br
445,qjqdfleuycv@yahoo.com.br
386,bdk@hotmail.com
34,qqrpyciqwlze@gmail.com
558,hlo@icloud.com
465,smbqkzbac@hotmail.com
378,vjt@icloud.com
267,yqqzaw@yahoo.com.br
1278,hnje@yahoo.com.br
502,th@hotmail.com
235,kymvffcuexjj@yahoo.com.br
628,kqiwhyezogr@hotmail.com
874,tozsdliuzolw@hotmail.com
576,bopapa@icloud.com
589,iec@icloud.com
811,qjpqxqvcgjvp@yahoo.com.br
874,tozsdliuzolw@hotmail.com
298,gdgbmgdgwjv@icloud.com
367,ihcaosf@gmail.com
797,bysvsro@hotmail.com
373,tuwddeuqglh@hotmail.com
1296,hlnmtyskew@hotmail.com
513,eeitutyq@gmail.com
1334,ecgptkmq@icloud.com
978,sgy@yahoo.com.br
396,ymgpomnvzqxw@hotmail.com
366,xgzhncizipx@gmail.com
736,xhddtlavqpl@hotmail.com
352,nknjgg@icloud.com
1016,bbpugqev@yahoo.com.br
82,eftppw@yahoo.com.br
897,gbwynqjdqiy@yahoo.com.br
106,xvbqhfte@gmail.com
712,wcuchcxwtt@gmail.com
136,tmenrdrkxrkj@yahoo.com.br
781,kfftqvkvlx@yahoo.com.br
610,di@hotmail.com
1101,agbau@icloud.com
1189,xz@yahoo.com.br
900,cwwz@hotmail.com
308,qhhqsur@hotmail.com
635,ulu@hotmail.com
1022,vmihif@icloud.com
182,wayhuumqm@hotmail.com
396,ymgpomnvzqxw@hotmail.com
1333,dtngzqlrk@icloud.com
336,ergjlambzxfq@gmail.com
1152,uuw@hotmail.com
333,lynqbwki@gmail.com
1075,svhb@hotmail.com
239,ikli@yahoo.com.br
952,wkpnjrrk@yahoo.com.br
1375,chwry@icloud.com
748,nqpvhy@gmail.com
622,fpoqa@hotmail.com
1373,pnu@hotmail.com
821,gtox@hotmail.com
1036,tyiwk@gmail.com
399,rak@yahoo.com.br
486,vkggm@icloud.com
1104,qmludsg@gmail.com
693,wyg@yahoo.com.br
817,ssjjfmtnyj@hotmail.com
310,svps@yahoo.com.br
670,ml@yahoo.com.br
609,lkxn@icloud.com
371,nggpszywgive@gmail.com
306,qxrjqjzk@hotmail.com
266,lbcordljtoi@icloud.com
636,uyi@icloud.com
853,tltsukp@gmail.com
1122,awzf@icloud.com
1394,ypqjbkoyh@gmail.com
45,og@icloud.com
156,csiskzprxjff@yahoo.com.br
334,cngvjotncxv@icloud.com
187,lx@yahoo.com.br
824,kxdgylzucjy@gmail.com
721,lbdupjwiv@icloud.com
202,zyxqiwb@yahoo.com.br
113,nyxp@gmail.com
1023,gwlt@hotmail.com
1005,vpczt@icloud.com
479,ou@yahoo.com.br
522,vh@gmail.com
311,ykshl@gmail.com
246,vglembhe@gmail.com
7,vnpgqrjpf@yahoo.com.br
899,hqckutqsezos@icloud.com
430,oy@gmail.com
1055,we@icloud.com
543,kpjpar@gmail.com
219,fhfx@gmail.com
903,fgpwophvfkm@yahoo.com.br
1003,yknw@hotmail.com
1260,fufq@gmail.com
377,ahuqqagm@yahoo.com.br
640,yman@gmail.com
376,gen@gmail.com
1391,daohfq@yahoo.com.br
565,davbpudu@hotmail.com
515,nb@hotmail.com
1307,xv@gmail.com
110,slqt@gmail.com
419,nwkbltsgj@hotmail.com
270,meuayg@icloud.com
635,ulu@hotmail.com
1300,scwo@gmail.com
408,rzgjss@yahoo.com.br
652,wbysgykmz@yahoo.com.br
691,qnk@icloud.com
321,ndyjhe@yahoo.com.br
555,mbzvwersiyx@gmail.com
90,zslby@icloud.com
479,ou@yahoo.com.br
240,pa@yahoo.com.br
1250,ygyksd@icloud.com
953,uglskxhd@hotmail.com
1174,yhunbaxqwjx@gmail.com
110,slqt@gmail.com
1159,xnhnejqpblz@gmail.com
119,kuny@hotmail.com
1216,henm@yahoo.com.br
479,ou@yahoo.com.br
599,ehhipveeppjc@yahoo.com.br
981,gmtmj@yahoo.com.br
1195,lu@icloud.com
1122,awzf@icloud.com
1074,ttudpjsjli@icloud.com
302,mq@icloud.com
413,gudvn@icloud.com
986,xhnnvbd@gmail.com
308,qhhqsur@hotmail.com
1188,hxourgewn@icloud.com
131,azs@yahoo.com.br
384,vrtjsce@icloud.com
1419,rgw@gmail.com
176,jyegyu@yahoo.com.br
285,vtxdihailpr@yahoo.com.br
1172,igtawdmmz@icloud.com
105,yxpsvfrijcm@icloud.com
991,segw@yahoo.com.br
1162,teysuoh@gmail.com
953,uglskxhd@hotmail.com
658,tdohsjlt@yahoo.com.br
721,lbdupjwiv@icloud.com
1453,iewslq@yahoo.com.br
993,wblpa@hotmail.com
1148,nbnbryuhq@yahoo.com.br
942,blhsvqjy@gmail.com
1087,opdj@hotmail.com
1249,icqvoo@yahoo.com.br
1362,qxlpwqx@yahoo.com.br
219,fhfx@gmail.com
956,jerdqbolmf@yahoo.com.br
81,izqkyf@gmail.com
867,quxmlksm@gmail.com
147,odshssnpaveo@hotmail.com
176,jyegyu@yahoo.com.br
1391,daohfq@yahoo.com.br
927,iue@hotmail.com
1131,yfzpteeo@icloud.com
99,mmrbz@gmail.com
512,rxwg@gmail.com
777,afjeeq@icloud.com
446,xpibipboxd@yahoo.com.br
1182,ygdkuupazvpq@gmail.com
546,ydkofdtxczj@gmail.com
789,srteswqazvbf@gmail.com
885,ar@hotmail.com
1273,glsg@hotmail.com
485,uzo@icloud.com
277,orgduadmdsmp@gmail.com
2,rlskriykwzw@hotmail.com
657,ekpjvhywxqxp@hotmail.com
1017,rfmoi@yahoo.com.br
864,mhmnwouyimhx@yahoo.com.br
231,qxdstpbgu@hotmail.com
444,by@yahoo.com.br
559,fwqqyfyc@gmail.com
75,oeaycuqgsxu@gmail.com
1313,lob@yahoo.com.br
757,pvhae@hotmail.com
804,wxdmd@gmail.com
722,snyoybinh@hotmail.com
1419,rgw@gmail.com
56,hfxnmmyozqw@yahoo.com.br
767,gvdgfpflxim@icloud.com
770,yyabbpcam@icloud.com
962,ias@hotmail.com
241,snjd@yahoo.com.br
530,yvijnqmhs@gmail.com
1408,prjn@yahoo.com.br
436,teignhcblzcw@icloud.com
113,nyxp@gmail.com
249,efsyzm@hotmail.com
1215,wdaxcihlts@gmail.com
60,tcn@icloud.com
455,jbufohha@gmail.com
802,ohamhr@hotmail.com
177,katbxriuzu@hotmail.com
304,qrhthvbat@hotmail.com
98,zrvtf@hotmail.com
1415,otlj@gmail.com
531,mklhfm@hotmail.com
433,ijxwl@icloud.com
313,mj@icloud.com
230,xo@hotmail.com
1246,rsrwkuzvr@yahoo.com.br
1075,svhb@hotmail.com
1026,wjvdhmr@hotmail.com
416,fpjctu@yahoo.com.br
804,wxdmd@gmail.com
97,ocboekt@gmail.com
1274,twxvczfreclk@hotmail.com
977,uyjckcndm@hotmail.com
726,epmg@icloud.com
336,ergjlambzxfq@gmail.com
1075,svhb@hotmail.com
644,uhzjahgecfbw@icloud.com
978,sgy@yahoo.com.br
21,stipmc@gmail.com
1183,uw@icloud.com
694,qs@icloud.com
97,ocboekt@gmail.com
694,qs@icloud.com
1060,sjskth@hotmail.com
376,gen@gmail.com
953,uglskxhd@hotmail.com
1085,cpes@hotmail.com
1295,svkncjcgy@icloud.com
617,lgui@yahoo.com.br
866,zajp@hotmail.com
1173,iisyjbzwfd@hotmail.com
1443,vmj@icloud.com
332,ajnsmgf@hotmail.com
1020,lnzenhx@gmail.com
684,siosjormu@icloud.com
1175,qu@gmail.com
5,jjoep@hotmail.com
993,wblpa@hotmail.com
106,xvbqhfte@gmail.com
1222,obdiojc@hotmail.com
1024,jkquhv@yahoo.com.br
130,oddqsfaqaw@gmail.com
1079,gmclinnlqalh@yahoo.com.br
708,zgxochcsg@gmail.com
201,dqnvmg@yahoo.com.br
502,th@hotmail.com
549,iyeo@gmail.com
666,pktszlbevka@hotmail.com
346,kj@hotmail.com
1256,rsfj@gmail.com
302,mq@icloud.com
1195,lu@icloud.com
977,uyjckcndm@hotmail.com
487,snxomuf@yahoo.com.br
267,yqqzaw@yahoo.com.br
386,bdk@hotmail.com
553,qlgfsbutmv@icloud.com
1015,pbnp@icloud.com
49,xxpixyavo@gmail.com
1199,umilxxcdlcd@gmail.com
227,erv@yahoo.com.br
1045,hnrloxffpspi@yahoo.com.br
735,mwmpuss@gmail.com
336,ergjlambzxfq@gmail.com
1219,racyximbwfe@icloud.com
876,rcwt@icloud.com
1149,nborpuekh@yahoo.com.br
433,ijxwl@icloud.com
1446,zjeizqjpso@yahoo.com.br
656,awyeatdbnyzr@gmail.com
530,yvijnqmhs@gmail.com
297,okk@gmail.com
357,fqwpqheimvht@gmail.com
290,pze@hotmail.com
206,uummqxdmlfgu@yahoo.com.br
1109,kquarkmj@hotmail.com
1310,iaodw@yahoo.com.br
605,ymcoqmpbgprz@gmail.com
924,qdtb@gmail.com
717,hdb@yahoo.com.br
965,hgon@icloud.com
960,xhxzuo@hotmail.com
1319,rahgwq@icloud.com
1368,jkau@gmail.com
809,xypoxfskianz@yahoo.com.br
1269,jucndmtrgg@hotmail.com
677,pjjdm@icloud.com
751,nt@yahoo.com.br
520,gl@gmail.com
903,fgpwophvfkm@yahoo.com.br
1069,xploraxgcklf@icloud.com
1124,iesvwccvgrw@yahoo.com.br
1346,vmvplqroj@yahoo.com.br
688,oa@yahoo.com.br
25,iphcfibchzkm@gmail.com
858,bqyrqgfn@hotmail.com
1139,kvpy@gmail.com
355,teq@icloud.com
832,ahcsfkzbyi@hotmail.com
1073,yfk@hotmail.com
940,eel@yahoo.com.br
15,dmfez@gmail.com
748,nqpvhy@gmail.com
853,tltsukp@gmail.com
841,kvdgrdht@yahoo.com.br
1124,iesvwccvgrw@yahoo.com.br
1455,chtcawrwriby@yahoo.com.br
448,dzfrllbfxeof@hotmail.com
13,ohkz@yahoo.com.br
869,hioemhgogpp@gmail.com
1288,npykkmhd@hotmail.com
558,hlo@icloud.com
1274,twxvczfreclk@hotmail.com
535,hjnryhzhoxm@hotmail.com
479,ou@yahoo.com.br
566,ffdueawprt@yahoo.com.br
218,ygxdkkunt@icloud.com
927,iue@hotmail.com
954,htmduzify@gmail.com
380,clgtpepk@hotmail.com
1060,sjskth@hotmail.com
842,xnlokjz@gmail.com
957,vjcwjjfxxbh@icloud.com
1043,wo@yahoo.com.br
1230,luyn@gmail.com
544,adygrkag@gmail.com
159,vdyyrebp@hotmail.com
1175,qu@gmail.com
1219,racyximbwfe@icloud.com
1406,senelhksyfo@icloud.com
1417,emkkm@icloud.com
497,tlvmx@gmail.com
409,dlvlwj@icloud.com
545,qmt@hotmail.com
1367,qhigrke@hotmail.com
1392,dmovknpr@gmail.com
196,czfuzuv@hotmail.com
344,hvwxjuleecky@hotmail.com
197,clbqlox@gmail.com
910,jd@icloud.com
491,ptuutmdtu@hotmail.com
550,finicf@gmail.com
1406,senelhksyfo@icloud.com
1079,gmclinnlqalh@yahoo.com.br
702,ivdcq@yahoo.com.br
643,yxbmup@hotmail.com
369,pzrq@yahoo.com.br
842,xnlokjz@gmail.com
1000,tm@gmail.com
694,qs@icloud.com
241,snjd@yahoo.com.br
1199,umilxxcdlcd@gmail.com
1004,ysypdg@yahoo.com.br
1390,yuhbefivre@hotmail.com
969,khq@gmail.com
216,zfurvb@icloud.com
1003,yknw@hotmail.com
143,mtsrn@hotmail.com
3,kaomcr@yahoo.com.br
1441,dpzknlanyrt@icloud.com
663,gxuhxcz@gmail.com
335,qd@gmail.com
1155,bcorik@gmail.com
1381,khldo@yahoo.com.br
739,lqmhswzkac@gmail.com
1107,lnvlam@hotmail.com
396,ymgpomnvzqxw@hotmail.com
445,qjqdfleuycv@yahoo.com.br
965,hgon@icloud.com
1199,umilxxcdlcd@gmail.com
1191,uxavvb@icloud.com
278,osisu@gmail.com
1140,fupxgxzkblvq@yahoo.com.br
781,kfftqvkvlx@yahoo.com.br
1338,gwuidfs@yahoo.com.br
1023,gwlt@hotmail.com
1435,cymkyaimw@icloud.com
950,vpluvbvwob@yahoo.com.br
370,jwcugfogz@gmail.com
1278,hnje@yahoo.com.br
716,cqgvx@hotmail.com
1316,mpjrnsopozw@gmail.com
1274,twxvczfreclk@hotmail.com
700,bd@gmail.com
1322,wqxeuk@hotmail.com
953,uglskxhd@hotmail.com
1057,qbpevf@hotmail.com
887,onnodvcs@gmail.com
1428,pcj@gmail.com
482,qecxlfy@hotmail.com
96,mqqybjtc@gmail.com
194,dh@icloud.com
1045,hnrloxffpspi@yahoo.com.br
13,ohkz@yahoo.com.br
19,knelh@hotmail.com
205,iy@hotmail.com
912,tn@gmail.com
97,ocboekt@gmail.com
1327,ynqdhiukvnmu@hotmail.com
251,bxsjixy@icloud.com
486,vkggm@icloud.com
503,uuksmwtrp@icloud.com
433,ijxwl@icloud.com
455,jbufohha@gmail.com
1352,qigmtn@hotmail.com
1029,cyjno@yahoo.com.br
622,fpoqa@hotmail.com
225,exazbbmk@gmail.com
386,bdk@hotmail.com
343,yeecuthai@hotmail.com
378,vjt@icloud.com
69,xmvurpehuy@hotmail.com
215,qqekmiml@yahoo.com.br
505,kgvdkzuwz@gmail.com
1184,xpzmxda@yahoo.com.br
1251,qirkxa@yahoo.com.br
789,srteswqazvbf@gmail.com
98,zrvtf@hotmail.com
991,segw@yahoo.com.br
220,iclnunybam@gmail.com
888,lihlluwddw@yahoo.com.br
483,mreq@icloud.com
1396,fwrq@hotmail.com
426,uz@yahoo.com.br
565,davbpudu@hotmail.com
1186,jswk@yahoo.com.br
623,fqmnjcvrjitp@icloud.com
442,slnjy@hotmail.com
987,ceu@icloud.com
216,zfurvb@icloud.com
543,kpjpar@gmail.com
957,vjcwjjfxxbh@icloud.com
1249,icqvoo@yahoo.com.br
1352,qigmtn@hotmail.com
454,hbgthngzkq@icloud.com
962,ias@hotmail.com
1428,pcj@gmail.com
941,admaphudoc@yahoo.com.br
1395,gvgvw@yahoo.com.br
355,teq@icloud.com
364,ddgwc@hotmail.com
428,cltian@yahoo.com.br
827,xpzkc@icloud.com
713,javhecfgq@yahoo.com.br
323,autvogpoj@icloud.com
466,ayisnl@icloud.com
812,kitlhz@gmail.com
1149,nborpuekh@yahoo.com.br
675,ygpw@yahoo.com.br
810,hqlyeeuhtazo@gmail.com
530,yvijnqmhs@gmail.com
52,quad@gmail.com
716,cqgvx@hotmail.com
220,iclnunybam@gmail.com
137,irvkmlkwrdhh@hotmail.com
423,ptiux@icloud.com
1075,svhb@hotmail.com
419,nwkbltsgj@hotmail.com
944,uxhmiozn@gmail.com
1270,lhilsw@gmail.com
966,fy@hotmail.com
696,wh@hotmail.com
92,xvkn@gmail.com
1223,vio@icloud.com
504,eagjqaykv@gmail.com
11,tpuuqihbyctu@hotmail.com
1377,jvm@hotmail.com
1024,jkquhv@yahoo.com.br
1212,xkkxxkvk@hotmail.com
707,rrpnckctqj@hotmail.com
1051,apvuyxz@yahoo.com.br
1308,yagln@hotmail.com
1326,siitah@hotmail.com
792,rfcii@yahoo.com.br
841,kvdgrdht@yahoo.com.br
1063,rpxx@yahoo.com.br
26,tfh@icloud.com
712,wcuchcxwtt@gmail.com
645,eoxqtcfhlyc@hotmail.com
511,vcmx@hotmail.com
123,rvydwqxdaplh@yahoo.com.br
744,myq@gmail.com
253,vhcmrsoiot@yahoo.com.br
270,meuayg@icloud.com
1355,xfdmyn@gmail.com
1409,nxktcps@yahoo.com.br
318,qxczzrgpmi@yahoo.com.br
484,uxdinfzz@yahoo.com.br
1375,chwry@icloud.com
726,epmg@icloud.com
324,ummx@icloud.com
866,zajp@hotmail.com
1268,wpczxvdntya@gmail.com
1084,yhxjsvhw@hotmail.com
1140,fupxgxzkblvq@yahoo.com.br
795,rsszffecqkif@icloud.com
1184,xpzmxda@yahoo.com.br
158,iitmkp@icloud.com
869,hioemhgogpp@gmail.com
270,meuayg@icloud.com
1124,iesvwccvgrw@yahoo.com.br
44,fxcu@gmail.com
860,kftzhcjrx@gmail.com
181,gjqnc@gmail.com
651,vczqdf@yahoo.com.br
1327,ynqdhiukvnmu@hotmail.com
1346,vmvplqroj@yahoo.com.br
966,fy@hotmail.com
592,lqqdcinhszd@hotmail.com
903,fgpwophvfkm@yahoo.com.br
1342,nonmiwz@icloud.com
1087,opdj@hotmail.com
113,nyxp@gmail.com
807,la@gmail.com
281,yqgmomz@hotmail.com
344,hvwxjuleecky@hotmail.com
510,zyzuij@hotmail.com
530,yvijnqmhs@gmail.com
10,hdwsmqted@gmail.com
425,ocpnjkcgfkn@yahoo.com.br
204,dhn@gmail.com
1106,btkvjpzazl@gmail.com
1312,pp@icloud.com
1449,vrcaajffgfd@gmail.com
496,vk@gmail.com
736,xhddtlavqpl@hotmail.com
1165,ymd@hotmail.com
391,puitg@hotmail.com
853,tltsukp@gmail.com
123,rvydwqxdaplh@yahoo.com.br
1029,cyjno@yahoo.com.br
123,rvydwqxdaplh@yahoo.com.br
1220,lmpyd@yahoo.com.br
309,kk@gmail.com
736,xhddtlavqpl@hotmail.com
93,xnmnxsviy@icloud.com
722,snyoybinh@hotmail.com
885,ar@hotmail.com
688,oa@yahoo.com.br
315,gpgclratnht@hotmail.com
1396,fwrq@hotmail.com
168,sccinihq@gmail.com
453,ktungneyty@yahoo.com.br
413,gudvn@icloud.com
1321,sywxznzn@gmail.com
1235,tnwgfeubdky@gmail.com
811,qjpqxqvcgjvp@yahoo.com.br
963,ejlduyy@yahoo.com.br
139,ofn@hotmail.com
1285,ashrlztok@gmail.com
100,gnxd@yahoo.com.br
1038,sziajcpswesg@hotmail.com
378,vjt@icloud.com
302,mq@icloud.com
301,pqswptwyfvve@gmail.com
139,ofn@hotmail.com
816,tu@hotmail.com
5,jjoep@hotmail.com
491,ptuutmdtu@hotmail.com
211,jklbkkjiy@yahoo.com.br
1247,dxmpusqybzsg@gmail.com
1200,uqlgx@icloud.com
568,evn@gmail.com
393,czquh@icloud.com
550,finicf@gmail.com
500,jsir@gmail.com
499,ui@hotmail.com
755,ndghesigky@gmail.com
446,xpibipboxd@yahoo.com.br
758,qgwqfvkkbr@hotmail.com
1302,cjbudvsjcof@hotmail.com
1096,qfyahai@hotmail.com
395,oer@gmail.com
197,clbqlox@gmail.com
678,ko@gmail.com
770,yyabbpcam@icloud.com
633,ksprsiupuj@yahoo.com.br
93,xnmnxsviy@icloud.com
343,yeecuthai@hotmail.com
377,ahuqqagm@yahoo.com.br
652,wbysgykmz@yahoo.com.br
729,qafcecq@hotmail.com
1252,mfxjopuzs@icloud.com
193,cktb@yahoo.com.br
1290,eqmxohfjxqgv@gmail.com
795,rsszffecqkif@icloud.com
11,tpuuqihbyctu@hotmail.com
768,gxcozefy@gmail.com
835,gffpdp@icloud.com
1072,wmglgfhl@yahoo.com.br
1013,tocbvge@icloud.com
202,zyxqiwb@yahoo.com.br
536,hqhdjsn@icloud.com
301,pqswptwyfvve@gmail.com
940,eel@yahoo.com.br
258,ntclqoppwpj@gmail.com
974,vjb@hotmail.com
0,dghb@hotmail.com
989,egoogv@yahoo.com.br
231,qxdstpbgu@hotmail.com
231,qxdstpbgu@hotmail.com
141,cccl@gmail.com
691,qnk@icloud.com
315,gpgclratnht@hotmail.com
458,oxlh@icloud.com
757,pvhae@hotmail.com
1175,qu@gmail.com
777,afjeeq@icloud.com
1431,xaynekppsbv@yahoo.com.br
537,nulonhfvrirm@hotmail.com
280,iservatbqosa@hotmail.com
1268,wpczxvdntya@gmail.com
405,boanvkzuh@gmail.com
1154,ufsge@hotmail.com
1450,ebdctc@hotmail.com
338,ttljoavmntgt@icloud.com
503,uuksmwtrp@icloud.com
1322,wqxeuk@hotmail.com
535,hjnryhzhoxm@hotmail.com
708,zgxochcsg@gmail.com
513,eeitutyq@gmail.com
674,ol@yahoo.com.br
702,ivdcq@yahoo.com.br
302,mq@icloud.com
535,hjnryhzhoxm@hotmail.com
129,wketbn@yahoo.com.br
789,srteswqazvbf@gmail.com
538,bqzposo@yahoo.com.br
1114,rqgz@yahoo.com.br
1057,qbpevf@hotmail.com
1015,pbnp@icloud.com
821,gtox@hotmail.com
853,tltsukp@gmail.com
777,afjeeq@icloud.com
209,vqcx@yahoo.com.br
1038,sziajcpswesg@hotmail.com
1304,uyerjyswityr@yahoo.com.br
895,aakiuaqbbi@yahoo.com.br
1082,ne@gmail.com
737,pyqaxbkswep@yahoo.com.br
396,ymgpomnvzqxw@hotmail.com
720,paayhsoqmga@yahoo.com.br
777,afjeeq@icloud.com
1249,icqvoo@yahoo.com.br
1387,sukbuhpp@gmail.com
454,hbgthngzkq@icloud.com
1435,cymkyaimw@icloud.com
565,davbpudu@hotmail.com
665,agouhimwluo@hotmail.com
786,xrrjtlstim@hotmail.com
1078,ijmhypx@icloud.com
1210,cjfqrjwss@yahoo.com.br
731,qphqynrkta@icloud.com
1443,vmj@icloud.com
434,mupe@icloud.com
1189,xz@yahoo.com.br
352,nknjgg@icloud.com
1191,uxavvb@icloud.com
854,qbvpjfuiyh@gmail.com
126,fkwl@yahoo.com.br
591,bwjvstl@hotmail.com
1217,lgxxxzbfmrj@icloud.com
960,xhxzuo@hotmail.com
1317,kqbsujgtlb@yahoo.com.br
1264,djdtvqtjptme@icloud.com
1056,lodgb@icloud.com
1328,johjiiqyl@hotmail.com
1089,maebz@gmail.com
1396,fwrq@hotmail.com
592,lqqdcinhszd@hotmail.com
1080,gvtumhcev@icloud.com
538,bqzposo@yahoo.com.br
641,telziwcpd@gmail.com
40,xnbpxphi@hotmail.com
961,strsfuxlvqd@yahoo.com.br
1309,bwl@hotmail.com
558,hlo@icloud.com
596,jyxna@gmail.com
1012,mr@hotmail.com
1099,zarn@gmail.com
643,yxbmup@hotmail.com
976,mjtdwuwt@gmail.com
850,eswmunt@icloud.com
1196,suinwirotwe@yahoo.com.br
741,xejjb@yahoo.com.br
1033,ljocuoymcp@yahoo.com.br
222,rrliheoaj@gmail.com
246,vglembhe@gmail.com
870,jejswnuexanh@icloud.com
1122,awzf@icloud.com
1391,daohfq@yahoo.com.br
800,jzwickuta@hotmail.com
1356,haah@yahoo.com.br
1247,dxmpusqybzsg@gmail.com
467,qsvuzusvo@yahoo.com.br
1358,izoyxsz@gmail.com
817,ssjjfmtnyj@hotmail.com
1003,yknw@hotmail.com
853,tltsukp@gmail.com
919,plzvpgkvnxf@icloud.com
477,aispoxnavgke@yahoo.com.br
1149,nborpuekh@yahoo.com.br
1301,ifawyofbkt@yahoo.com.br
532,tqcbk@icloud.com
234,wdbeecqa@icloud.com
781,kfftqvkvlx@yahoo.com.br
762,sauiinze@yahoo.com.br
258,ntclqoppwpj@gmail.com
1228,uwhs@icloud.com
1333,dtngzqlrk@icloud.com
315,gpgclratnht@hotmail.com
446,xpibipboxd@yahoo.com.br
1253,uzqaq@yahoo.com.br
1410,oguqt@gmail.com
450,ilxsbv@gmail.com
1247,dxmpusqybzsg@gmail.com
783,ri@hotmail.com
54,lbwyntgktt@gmail.com
877,ynmfyhmrp@hotmail.com
828,xhjyns@gmail.com
917,vw@hotmail.com
176,jyegyu@yahoo.com.br
367,ihcaosf@gmail.com
587,qrxhhtn@hotmail.com
849,ptwtuuxhiuj@gmail.com
1355,xfdmyn@gmail.com
531,mklhfm@hotmail.com
239,ikli@yahoo.com.br
534,tpiuzarlo@yahoo.com.br
960,xhxzuo@hotmail.com
1084,yhxjsvhw@hotmail.com
1366,taicglzr@icloud.com
337,mbhcx@icloud.com
770,yyabbpcam@icloud.com
468,rk@yahoo.com.br
817,ssjjfmtnyj@hotmail.com
461,lxabswg@icloud.com
216,zfurvb@icloud.com
454,hbgthngzkq@icloud.com
1431,xaynekppsbv@yahoo.com.br
861,jnuayma@yahoo.com.br
314,nyueaeqlouo@gmail.com
148,bimhk@icloud.com
832,ahcsfkzbyi@hotmail.com
817,ssjjfmtnyj@hotmail.com
590,oqwahreeb@hotmail.com
496,vk@gmail.com
1321,sywxznzn@gmail.com
1088,hvc@gmail.com
1134,loxhiopdd@yahoo.com.br
1342,nonmiwz@icloud.com
1107,lnvlam@hotmail.com
588,cckpgzzuxweo@yahoo.com.br
123,rvydwqxdaplh@yahoo.com.br
807,la@gmail.com
172,wb@gmail.com
620,ijbei@yahoo.com.br
1249,icqvoo@yahoo.com.br
611,xirluo@yahoo.com.br
725,zujuhxc@yahoo.com.br
494,zooirniqtbsf@hotmail.com
1060,sjskth@hotmail.com
559,fwqqyfyc@gmail.com
57,eqhijnd@yahoo.com.br
532,tqcbk@icloud.com
148,bimhk@icloud.com
94,getlvgyts@gmail.com
665,agouhimwluo@hotmail.com
33,zwlbcuhjyp@hotmail.com
663,gxuhxcz@gmail.com
1218,ojj@icloud.com
1446,zjeizqjpso@yahoo.com.br
625,swpyfizyh@icloud.com
1195,lu@icloud.com
783,ri@hotmail.com
1166,ozlumxcz@icloud.com
1127,sixqkstosr@icloud.com
1215,wdaxcihlts@gmail.com
365,toqucio@icloud.com
